{"GRUEncDec_0915-190506_i20_o20_b128": {"lr": 0.00011688377382820384, "hidden_size": 127, "dropout": 0.09708604915067554, "rnn_layers": 2, "clip_grad_norm": 3.78249608585611}, "GRUEncDec_0915-190519_i20_o20_b128": {"lr": 0.00108828176674645, "hidden_size": 327, "dropout": 0.16899135382845998, "rnn_layers": 2, "clip_grad_norm": 4.771717426832765}, "GRUEncDec_0915-190531_i20_o20_b128": {"lr": 5.557940130563028e-05, "hidden_size": 293, "dropout": 0.2558744573034346, "rnn_layers": 2, "clip_grad_norm": 5.525982561986893}, "GRUEncDec_0915-190542_i20_o20_b128": {"lr": 0.00010087346995693748, "hidden_size": 469, "dropout": 0.6666691498830914, "rnn_layers": 3, "clip_grad_norm": 3.3592871204018593}, "GRUEncDec_0915-190557_i20_o20_b128": {"lr": 0.042882005308489415, "hidden_size": 140, "dropout": 0.4578447542153299, "rnn_layers": 1, "clip_grad_norm": 4.442413279786706}, "GRUEncDec_0915-191240_i20_o20_b128": {"lr": 0.0001301272633967627, "hidden_size": 70, "dropout": 0.01154317706823349, "rnn_layers": 2, "clip_grad_norm": 1.7117678951472044}, "GRUEncDec_0915-191251_i20_o20_b128": {"lr": 0.0023920310909213115, "hidden_size": 335, "dropout": 0.2896493256557733, "rnn_layers": 3, "clip_grad_norm": 2.668255071621388}, "GRUEncDec_0915-191305_i20_o20_b128": {"lr": 0.03066031401612696, "hidden_size": 392, "dropout": 0.005385379074141383, "rnn_layers": 2, "clip_grad_norm": 3.4778034212067723}, "GRUEncDec_0915-191317_i20_o20_b128": {"lr": 0.003210424964872028, "hidden_size": 343, "dropout": 0.6356874739285558, "rnn_layers": 2, "clip_grad_norm": 3.271165482699871}, "GRUEncDec_0915-191329_i20_o20_b128": {"lr": 0.0025097757758267623, "hidden_size": 259, "dropout": 0.15222487435676157, "rnn_layers": 2, "clip_grad_norm": 3.476657588966191}, "GRUEncDec_0915-192530_i20_o20_b128": {"lr": 0.00045388175994584817, "dropout": 0.5688411213923246, "clip_grad_norm": 1.5896870396099985}, "GRUEncDec_0915-192540_i20_o20_b128": {"lr": 0.00010850504368918747, "dropout": 0.5958582514431328, "clip_grad_norm": 4.803943676874042}, "GRUEncDec_0915-192550_i20_o20_b128": {"lr": 0.0017091094928990437, "dropout": 0.08336093346588314, "clip_grad_norm": 2.193339509423822}, "GRUEncDec_0915-192600_i20_o20_b128": {"lr": 0.0035575658207515847, "dropout": 0.214586143149063, "clip_grad_norm": 5.51251455117017}, "GRUEncDec_0915-192610_i20_o20_b128": {"lr": 0.006571738157572183, "dropout": 0.41188978333957493, "clip_grad_norm": 3.2678768699988723}, "GRUEncDec_0915-192751_i20_o20_b128": {"lr": 0.0008594901871444948, "dropout": 0.621549145784229, "clip_grad_norm": 5.2998397666960955}, "GRUEncDec_0915-192801_i20_o20_b128": {"lr": 0.0027070869593172255, "dropout": 0.3551718962844461, "clip_grad_norm": 3.5013498649932444}, "GRUEncDec_0915-194445_i20_o20_b128": {"lr": 0.00033303463842959387, "hidden_size": 148, "dropout": 0.3186155646108091, "clip_grad_norm": 5.106727561913431, "best_ADE": 33.06968688964844, "best_ADE_epoch_loss": 25.580383337549417}, "GRUEncDec_0915-194455_i20_o20_b128": {"lr": 0.00011756919959550772, "hidden_size": 97, "dropout": 0.0247115814127028, "clip_grad_norm": 2.386317577213049, "best_ADE": 33.20170211791992, "best_ADE_epoch_loss": 26.267212639084782}, "GRUEncDec_0915-195013_i20_o20_b128": {"lr": 0.003526960173009551, "hidden_size": 205, "dropout": 0.5875137553084642, "clip_grad_norm": 2.9124689577147365, "best_epoch": 0, "best_ADE": 33.188724517822266, "best_ADE_epoch_loss": 25.737653019916582, "rnn_layers": 1}, "GRUEncDec_0915-195023_i20_o20_b128": {"lr": 3.714755082421751e-05, "hidden_size": 179, "dropout": 0.40066948626190424, "clip_grad_norm": 2.6446498106233776, "best_epoch": 0, "best_ADE": 33.17100143432617, "best_ADE_epoch_loss": 27.510381766399707, "rnn_layers": 1}, "GRUEncDec_0915-195621_i20_o20_b128": {"lr": 4.37555406410694e-05, "hidden_size": 382, "dropout": 0.4775395926553756, "clip_grad_norm": 1.6149856802076101, "best_epoch": 75, "best_ADE": 26.48490333557129, "best_ADE_epoch_loss": 22.872539220373316, "rnn_layers": 1}, "GRUEncDec_0915-201259_i20_o20_b128": {"lr": 0.0014362829721532263, "hidden_size": 311, "dropout": 0.48296135128475726, "clip_grad_norm": 1.917331607080996, "best_epoch": 30, "best_ADE": 26.594600677490234, "best_ADE_epoch_loss": 23.179291496506657, "rnn_layers": 1}, "GRUEncDec_0915-202943_i20_o20_b128": {"lr": 2.8086559102009876e-05, "hidden_size": 64, "dropout": 0.3356164062861353, "clip_grad_norm": 9.985121661331505, "best_epoch": 95, "best_ADE": 26.797882080078125, "best_ADE_epoch_loss": 24.166243681850204, "rnn_layers": 1}, "GRUEncDec_0915-204550_i20_o20_b128": {"lr": 0.00015228169961344816, "hidden_size": 229, "dropout": 0.4463689390104264, "clip_grad_norm": 3.7915757382288575, "best_epoch": 10, "best_ADE": 26.585866928100586, "best_ADE_epoch_loss": 24.044328995210577, "rnn_layers": 1}, "GRUEncDec_0915-210221_i20_o20_b128": {"lr": 0.004362098362256564, "hidden_size": 383, "dropout": 0.11029987083747983, "clip_grad_norm": 3.152256729081273, "best_epoch": 15, "best_ADE": 26.362667083740234, "best_ADE_epoch_loss": 23.486035623895116, "rnn_layers": 1}, "GRUEncDec_0915-211940_i20_o20_b128": {"lr": 0.0013819626229353923, "hidden_size": 384, "dropout": 2.9008615832912485e-15, "clip_grad_norm": 2.7470193165636365, "best_epoch": 5, "best_ADE": 27.898128509521484, "best_ADE_epoch_loss": 16.198312714588212, "rnn_layers": 1}, "GRUEncDec_0915-213705_i20_o20_b128": {"lr": 0.008228211848608419, "hidden_size": 380, "dropout": 0.1899923167334675, "clip_grad_norm": 3.344650259526099, "best_epoch": 10, "best_ADE": 27.32143211364746, "best_ADE_epoch_loss": 25.131382694014583, "rnn_layers": 1}, "GRUEncDec_0915-215409_i20_o20_b128": {"lr": 7.263456534931234e-05, "hidden_size": 302, "dropout": 0.46425598756185704, "clip_grad_norm": 2.9018998839860153, "best_epoch": 95, "best_ADE": 26.521163940429688, "best_ADE_epoch_loss": 22.046448497312614, "rnn_layers": 1}, "GRUEncDec_0915-221113_i20_o20_b128": {"lr": 0.003399071925978646, "hidden_size": 356, "dropout": 0.25107515075535314, "clip_grad_norm": 2.7675621799152754, "best_epoch": 25, "best_ADE": 26.47176170349121, "best_ADE_epoch_loss": 23.76949478402195, "rnn_layers": 1}, "GRUEncDec_0915-222755_i20_o20_b128": {"lr": 0.004024934447256914, "hidden_size": 298, "dropout": 0.06462262064409137, "clip_grad_norm": 2.8106278820509623, "best_epoch": 5, "best_ADE": 26.17031478881836, "best_ADE_epoch_loss": 22.640994238566204, "rnn_layers": 1}, "GRUEncDec_0915-224435_i20_o20_b128": {"lr": 0.003924753934297558, "hidden_size": 258, "dropout": 0.07409523220790964, "clip_grad_norm": 4.699409150371325, "best_epoch": 55, "best_ADE": 26.37749671936035, "best_ADE_epoch_loss": 23.359646661597562, "rnn_layers": 1}, "GRUEncDec_0915-230122_i20_o20_b128": {"lr": 0.004070927069212427, "hidden_size": 241, "dropout": 0.08862607901940131, "clip_grad_norm": 0.6029990523962586, "best_epoch": 40, "best_ADE": 26.412193298339844, "best_ADE_epoch_loss": 23.485709122577344, "rnn_layers": 1}, "GRUEncDec_0915-231832_i20_o20_b128": {"lr": 6.0831599692224706e-05, "hidden_size": 384, "dropout": 0.21475247029524774, "clip_grad_norm": 0.5000000000000003, "best_epoch": 10, "best_ADE": 26.213333129882812, "best_ADE_epoch_loss": 23.388165301587208, "rnn_layers": 1}, "GRUEncDec_0915-233532_i20_o20_b128": {"lr": 5.3113682589394924e-05, "hidden_size": 384, "dropout": 0.15845779950833103, "clip_grad_norm": 3.295847365439214, "best_epoch": 15, "best_ADE": 26.145854949951172, "best_ADE_epoch_loss": 22.910606041873795, "rnn_layers": 1}, "GRUEncDec_0915-235242_i20_o20_b128": {"lr": 4.8392540782294196e-05, "hidden_size": 305, "dropout": 0.14534871199337873, "clip_grad_norm": 1.6712793548180034, "best_epoch": 15, "best_ADE": 26.163297653198242, "best_ADE_epoch_loss": 23.14773991366467, "rnn_layers": 1}, "GRUEncDec_0916-000929_i20_o20_b128": {"lr": 6.63146258115708e-05, "hidden_size": 315, "dropout": 0.09821581493903174, "clip_grad_norm": 2.6807052008998493, "best_epoch": 10, "best_ADE": 26.107378005981445, "best_ADE_epoch_loss": 22.97742079884173, "rnn_layers": 1},