{"GRUEncDec_0925-1911_i20_o20_h350_l1": {"network_params": {"input_labels": ["x1", "y1", "x2", "y2"], "output_labels": ["x1", "y1", "x2", "y2"], "input_dim": 4, "output_dim": 4, "inp_seq_len": 20, "out_seq_len": 20, "embedding_size": 4, "hidden_size": 350, "rnn_layers": 1, "dropout": 0.05}, "training_params": {"batch_size": 256, "clip_grad_norm": 1.5, "lr": 5e-05, "loss_fn": "calc_ADE", "train_trials": ["fast_line_20200803T082414_trial1", "line_20200803T122506_trial1", "circle_20200803T090615_trial1", "circle_20200803T093051_trial1", "cockroach_line_20200830T115811_trial1", "feeding_4_20200830-121143_None", "fast_line_20200803T082724_trial1", "worm_20200826T135440_trial2", "feeding_4_screen_20200830-130446_None", "feeding_20200830-115520_None", "circle_20200803T121730_trial1", "line_20200803T081429_trial1", "feeding_4_20200830-125905_None", "line_20200803T114942_trial1", "feeding_4_20200830-125531_None", "cockroach_line_20200830T120130_trial1", "fast_cockroach_20200803T085738_trial1", "circle_20200803T084227_trial2", "circle_20200803T090234_trial1", "circle_20200803T115839_trial1", "circle_20200803T084227_trial1", "line_20200803T101641_trial1", "worm_20200826T135440_trial1", "feeding_20200830-120813_None", "red_beetle_20200826T133947_trial1", "worm_line_20200830T121825_trial1", "worm_20200826T134603_trial1", "worm_circle_20200830T122241_trial1", "line_20200803T101641_trial2", "circle_20200803T091639_trial1", "line_20200803T082002_trial1", "feeding_5_20200830-131348_None", "circle_20200803T120911_trial1", "feeding_4_20200830-122515_None", "line_20200803T081735_trial1", "beetle_fast_line_20200830T124020_trial1", "line_20200803T095401_trial1"], "val_trials": ["circle_20200803T113121_trial1", "circle_20200803T092248_trial1", "worm_line_20200830T121513_trial1", "worm_line_20200830T120451_trial1", "circle_20200803T084529_trial1", "circle_20200803T084529_trial2", "line_20200803T094928_trial1", "cockroach_circle_20200830T123508_trial1", "worm_line_20200830T122932_trial1"], "test_trials": []}, "masking_params": {"fl_dist": [0.0, 9999999, true, true], "speed": [0.0, 9999999, true, true], "std": [0.0, 9999999, [0, 1]], "corr": [0.0, 1.0, true, true], "zgzg": [0, 1.5707963267948966, true, true], "keep_prob": 0.2}, "best_epoch": 0, "best_ADE": 15.668892860412598, "losses": [30.179106303623744, 29.998936486622643, 29.83486904164471, 29.69384093511672, 29.48395281998569], "ADEs": {"0": 15.668892860412598}, "FDEs": {"0": 26.26011848449707}}}