{"old_h": [[-3.2632327508422074, 0.1399027974637606, 3070.513149765941], [0.01579161730550189, -3.067521661593824, 2993.7155902122313], [-4.892236780427106e-05, 0.000338153579798109, 1.0]], "new_h": [[-3.7827717358207327, 0.35832010447222823, 3490.90867148429], [0.010368441331625533, -3.618586024737282, 3586.329803754596], [-4.237200974802634e-05, 0.00039147032506111305, 1.0]], "old_data_manual_corners": [[983, 981], [206, 977], [943, 48], [359, 25]]}