{"homography": [[-3.3217736164129317, 0.30959512872269696, 3122.4999800888445], [-0.04041486146292339, -3.1483177079617177, 3149.097714787953], [-5.567190001839762e-05, 0.0003645315010791955, 1.0]], "width": 1440, "height": 1080}